Hostname,Port,Issue
USARLDV0CQEP01-3181,3181,Threshold conflict
USARLFS0FIL01-3181,3181,Threshold conflict
USARLPD0PMC02-3181,3181,Threshold conflict
USARLPD0PMC03-3181,3181,Threshold conflict
USARLPD0PMC04-3181,3181,Threshold conflict
USARLSA0ACAD01-3181,3181,Threshold conflict
USARLSA0AIS01-3181,3181,Threshold conflict
USARLSA0CMOR01-3181,3181,Threshold conflict
USARLSA0EMS01-3181,3181,Threshold conflict
USARLSA0EMS02-3181,3181,Threshold conflict
USARLSA0EPS01-3181,3181,Threshold conflict
USARLSA0EPS02-3181,3181,Threshold conflict
USARLSA0FRS01-3181,3181,Threshold conflict
USARLSA0PDS03-3181,3181,Threshold conflict
USARLSA0PDS04-3181,3181,Threshold conflict
USARLSA0PDS05-3181,3181,Threshold conflict
USARLSA0PDS06-3181,3181,Threshold conflict
USARLSA0PMC01-3181,3181,Threshold conflict
USARLSA0PPS01-3181,3181,Threshold conflict
USARLSA0QAS01-3181,3181,Threshold conflict
USARLSA0WEB01-3181,3181,Threshold conflict
USARLSA0WEB02-3181,3181,Threshold conflict
USARLSCACPBR01-3181,3181,Threshold conflict
USARLSCACQEP01-3181,3181,Threshold conflict
USARLSCAMSDB01-3181,3181,Threshold conflict
USARLSCAMSDB02-3181,3181,Threshold conflict
USARLSCAPRT01-3181,3181,Threshold conflict
USARLSCBCPBR02-3181,3181,Threshold conflict
USARLSCBCQEP02-3181,3181,Threshold conflict
USARLSCBPRT02-3181,3181,Threshold conflict
USARLSD0MFG01-3181,3181,Threshold conflict
USARLSD0MFG02-3181,3181,Threshold conflict
USARLSF0FIL02-3181,3181,Threshold conflict
USARLST0TERM01-3181,3181,Threshold conflict
USARLST0TERM02-3181,3181,Threshold conflict
USARLST0TERM03-3181,3181,Threshold conflict
USARLST0TERM04-3181,3181,Threshold conflict
USARLTV0RAD01-3181,3181,Threshold conflict
USARLTV0SIS02-3181,3181,Threshold conflict
USARLSF0MAX01-3181,3181,Missing CSV
